TED,627
 talks,627
 TED Conference,252
 arts,31
 collaboration,36
 data,24
 design,175
 technology,627
 visualizations,22
 computers,58
 software,19
 communication,30
 culture,79
 entertainment,72
 storytelling,14
 Vaccines,4
 food,9
 global issues,85
 invention,64
 medicine,49
 consciousness,4
 self,3
 social change,21
 social media,18
 animals,18
 art,30
 birds,1
 creativity,49
 exploration,34
 film,14
 children,17
 neurology,3
 science,201
 beauty,7
 body language,3
 prosthetics,8
 sports,9
 activism,13
 fashion,2
 future,55
 disability,4
 language,6
 speech,3
 education,51
 Bioethics,6
 cancer,11
 health,38
 health care,34
 TEDx,86
 poverty,7
 cities,32
 community,11
 politics,28
 business,97
 policy,4
 privacy,5
 NASA,7
 engineering,34
 innovation,45
 interface design,19
 microsoft,3
 potential,18
 prediction,6
 product design,14
 architecture,18
 energy,24
 environment,25
 green,22
 infrastructure,12
 bullying,1
 gaming,10
 psychology,8
 violence,5
 astronomy,22
 cosmos,4
 curiosity,6
 nature,17
 physics,20
 space,29
 universe,16
 brain,27
 disease,17
 alternative energy,16
 cars,12
 climate change,16
 sustainability,14
 biosphere,6
 presentation,5
 anthropology,2
 cyborg,3
 Google,5
 Internet,34
 big bang,3
 history,30
 library,9
 machine learning,4
 museums,1
 painting,1
 society,17
 world cultures,1
 solar energy,5
 wind energy,1
 MacArthur grant,4
 economics,21
 algorithm,8
 love,4
 demo,34
 teaching,2
 virtual reality,11
 decision-making,3
 web,23
 drones,13
 transportation,15
 dark matter,3
 literature,4
 writing,6
 Africa,14
 development,13
 investment,8
 philanthropy,7
 security,17
 journalism,4
 toy,7
 biology,30
 Planets,13
 TED Fellows,29
 extraterrestrial life,6
 life,20
 women,7
 humor,11
 neuroscience,7
 play,4
 big problems,9
 failure,2
 leadership,8
 motivation,2
 aging,5
 biotech,26
 biomechanics,10
 robots,35
 hack,6
 biomimicry,4
 war,17
 mission blue,4
 oceans,15
 entrepreneur,15
 genetics,13
 smell,4
 music,25
 personal growth,2
 travel,1
 New York,1
 statistics,4
 adventure,7
 aircraft,2
 Christianity,1
 God,1
 death,2
 faith,2
 religion,2
 TED Prize,9
 heart health,4
 public health,7
 medical research,12
 mobility,3
 TED Brain Trust,19
 illness,5
 insects,5
 Moon,1
 mining,2
 map,6
 photography,11
 magic,7
 books,6
 media,16
 String theory,2
 math,10
 terrorism,7
 dinosaurs,2
 happiness,6
 agriculture,6
 botany,1
 chemistry,6
 ebola,4
 garden,2
 open-source,16
 virus,3
 water,8
 performance,7
 singer,2
 AI,17
 sight,7
 goal-setting,4
 government,13
 humanity,13
 law,9
 pollution,4
 population,2
 solar,3
 online video,6
 marketing,2
 philosophy,10
 industrial design,9
 wikipedia,5
 cognitive science,6
 DNA,10
 women in business,4
 code,3
 programming,3
 empathy,1
 identity,6
 relationships,3
 democracy,2
 ancient world,2
 Senses,7
 geology,2
 submarine,3
 evolution,10
 fish,5
 china,5
 fear,2
 simplicity,4
 third world,6
 peace,2
 materials,11
 plastic,2
 productivity,2
 success,1
 Brazil,1
 Latin America,1
 urban planning,6
 comedy,4
 Surgery,2
 complexity,8
 conducting,1
 live music,6
 work,5
 disaster relief,4
 news,2
 wunderkind,1
 spoken word,1
 exoskeleton,3
 ants,1
 biodiversity,6
 Middle East,2
 rocket science,3
 inequality,3
 advertising,1
 military,6
 time,3
 TED Books,3
 parenting,3
 poetry,5
 Europe,3
 trees,2
 jazz,1
 pandemic,1
 Asia,2
 india,3
 mind,3
 sound,3
 TED-Ed,3
 dance,4
 microfinance,2
 telecom,6
 crime,5
 finance,3
 United States,1
 intelligence,8
 memory,1
 sociology,6
 Debate,2
 choice,4
 morality,3
 consumerism,3
 TEDYouth,5
 behavioral economics,1
 piano,2
 illusion,5
 iraq,2
 microbiology,3
 nuclear energy,3
 epidemiology,1
 interview,3
 3d printing,1
 sanitation,2
 nanoscale,4
 Gender spectrum,1
 Transgender,1
 augmented reality,1
 shopping,1
 monkeys,1
 youth,5
 suicide,2
 pain,1
 performance art,1
 One Laptop Per Child,3
 cooperation,2
 urban,1
 composing,1
 natural disaster,3
 flight,7
 Iran,1
 student,1
 compassion,1
 guitar,1
 cloud,1
 Egypt,2
 depression,1
 mental health,2
 feminism,1
 money,1
 corruption,1
 novel,1
 deextinction,1
 meme,1
 bacteria,1
 Autism spectrum disorder,1
 Brand,1
 extreme sports,1
 protests,2
